{
    "\u0448\u0430\u0433 1": {
        "leg_length_difference": 246.9665985107422,
        "shoulder_height_difference": 51.0216064453125,
        "pelvis_tilt": 377.1985778808594,
        "knee_valgus_varus": [
            13.500382423400879,
            176.18663024902344
        ],
        "step_width": 36.55686950683594,
        "step_asymmetry": 7.56695556640625,
        "pelvis_rotation": 165.96198843629043,
        "shoulder_rotation": 116.98475622548449,
        "center_of_gravity_deviation": 6.500168418884279,
        "arm_movement_symmetry": 179.00222778320312,
        "step_count": 0
    },
    "\u0448\u0430\u0433 2": {
        "leg_length_difference": 3.25897216796875,
        "shoulder_height_difference": 9.449249267578125,
        "pelvis_tilt": 2.5782470703125,
        "knee_valgus_varus": [
            140.01553344726562,
            142.06924438476562
        ],
        "step_width": 15.527633666992188,
        "step_asymmetry": 11.275985717773438,
        "pelvis_rotation": 82.31706726915492,
        "shoulder_rotation": 88.77797704498816,
        "center_of_gravity_deviation": 33.264369201660145,
        "arm_movement_symmetry": 61.38505554199219,
        "step_count": 1
    },
    "\u0448\u0430\u0433 3": {
        "leg_length_difference": 8.015228271484375,
        "shoulder_height_difference": 7.809600830078125,
        "pelvis_tilt": 5.61279296875,
        "knee_valgus_varus": [
            160.17108154296875,
            166.3007049560547
        ],
        "step_width": 205.17257690429688,
        "step_asymmetry": 12.246170043945312,
        "pelvis_rotation": 84.32467553018212,
        "shoulder_rotation": 94.56081926870853,
        "center_of_gravity_deviation": 26.00402374267577,
        "arm_movement_symmetry": 113.08694458007812,
        "step_count": 2
    },
    "\u0448\u0430\u0433 4": {
        "leg_length_difference": 12.587127685546875,
        "shoulder_height_difference": 4.1343994140625,
        "pelvis_tilt": 8.97882080078125,
        "knee_valgus_varus": [
            153.98121643066406,
            152.8303985595703
        ],
        "step_width": 91.553955078125,
        "step_asymmetry": 5.377655029296875,
        "pelvis_rotation": 72.30243853151403,
        "shoulder_rotation": 90.78422218474927,
        "center_of_gravity_deviation": 14.767242431640625,
        "arm_movement_symmetry": 50.6229248046875,
        "step_count": 3
    },
    "\u0448\u0430\u0433 5": {
        "leg_length_difference": 1.058685302734375,
        "shoulder_height_difference": 10.90948486328125,
        "pelvis_tilt": 3.08551025390625,
        "knee_valgus_varus": [
            167.39662170410156,
            166.15892028808594
        ],
        "step_width": 213.1968994140625,
        "step_asymmetry": 13.624069213867188,
        "pelvis_rotation": 87.90807003153172,
        "shoulder_rotation": 109.53043635560067,
        "center_of_gravity_deviation": 39.1007080078125,
        "arm_movement_symmetry": 29.309906005859375,
        "step_count": 4
    },
    "\u0448\u0430\u0433 6": {
        "leg_length_difference": 23.28973388671875,
        "shoulder_height_difference": 22.187789916992188,
        "pelvis_tilt": 13.24176025390625,
        "knee_valgus_varus": [
            151.4554901123047,
            151.17282104492188
        ],
        "step_width": 85.5008544921875,
        "step_asymmetry": 5.2263031005859375,
        "pelvis_rotation": 32.816126596883976,
        "shoulder_rotation": 12.873336139514773,
        "center_of_gravity_deviation": 144.3626647949219,
        "arm_movement_symmetry": 604.8347778320312,
        "step_count": 5
    },
    "\u0448\u0430\u0433 7": {
        "leg_length_difference": 15.96661376953125,
        "shoulder_height_difference": 10.530059814453125,
        "pelvis_tilt": 7.616455078125,
        "knee_valgus_varus": [
            152.7410888671875,
            145.53501892089844
        ],
        "step_width": 47.42626953125,
        "step_asymmetry": 22.478652954101562,
        "pelvis_rotation": 32.670235459515546,
        "shoulder_rotation": 9.604375057818954,
        "center_of_gravity_deviation": 218.6466186523437,
        "arm_movement_symmetry": 927.1656494140625,
        "step_count": 6
    },
    "\u0448\u0430\u0433 8": {
        "leg_length_difference": 18.68365478515625,
        "shoulder_height_difference": 28.52734375,
        "pelvis_tilt": 12.345703125,
        "knee_valgus_varus": [
            148.37266540527344,
            140.36534118652344
        ],
        "step_width": 142.43505859375,
        "step_asymmetry": 4.9398651123046875,
        "pelvis_rotation": 57.91316307795981,
        "shoulder_rotation": 13.231897904928655,
        "center_of_gravity_deviation": 147.5682250976563,
        "arm_movement_symmetry": 375.7099304199219,
        "step_count": 7
    },
    "\u0448\u0430\u0433 9": {
        "leg_length_difference": 1.736724853515625,
        "shoulder_height_difference": 14.21209716796875,
        "pelvis_tilt": 6.542724609375,
        "knee_valgus_varus": [
            163.6263885498047,
            160.4618682861328
        ],
        "step_width": 197.349365234375,
        "step_asymmetry": 8.555557250976562,
        "pelvis_rotation": 46.33393803176961,
        "shoulder_rotation": 10.83968065863851,
        "center_of_gravity_deviation": 332.63553466796884,
        "arm_movement_symmetry": 1283.678466796875,
        "step_count": 8
    },
    "\u0448\u0430\u0433 10": {
        "leg_length_difference": 35.823028564453125,
        "shoulder_height_difference": 0.0,
        "pelvis_tilt": 13.352203369140625,
        "knee_valgus_varus": [
            151.18270874023438,
            148.1417999267578
        ],
        "step_width": 153.4593505859375,
        "step_asymmetry": 7.494049072265625,
        "pelvis_rotation": 1.284283038508088,
        "shoulder_rotation": NaN,
        "center_of_gravity_deviation": 1171.60185546875,
        "arm_movement_symmetry": 0.0,
        "step_count": 9
    },
    "\u0448\u0430\u0433 11": {
        "leg_length_difference": 0.0,
        "shoulder_height_difference": 21.83852767944336,
        "pelvis_tilt": 0.0,
        "knee_valgus_varus": [
            NaN,
            NaN
        ],
        "step_width": 0.0,
        "step_asymmetry": 0.0,
        "pelvis_rotation": NaN,
        "shoulder_rotation": 124.00853150205862,
        "center_of_gravity_deviation": 208.40465545654297,
        "arm_movement_symmetry": 190.9558563232422,
        "step_count": 10
    },
    "\u0448\u0430\u0433 12": {
        "leg_length_difference": 72.94903564453125,
        "shoulder_height_difference": 48.106201171875,
        "pelvis_tilt": 51.244781494140625,
        "knee_valgus_varus": [
            165.3738250732422,
            131.44520568847656
        ],
        "step_width": 405.59619140625,
        "step_asymmetry": 36.785552978515625,
        "pelvis_rotation": 140.57583892423244,
        "shoulder_rotation": 70.59341776359965,
        "center_of_gravity_deviation": 458.0753112792968,
        "arm_movement_symmetry": 865.1566162109375,
        "step_count": 11
    },
    "\u0448\u0430\u0433 13": {
        "leg_length_difference": 7.90350341796875,
        "shoulder_height_difference": 8.34381103515625,
        "pelvis_tilt": 1.322601318359375,
        "knee_valgus_varus": [
            160.37759399414062,
            170.64544677734375
        ],
        "step_width": 111.0849609375,
        "step_asymmetry": 3.000640869140625,
        "pelvis_rotation": 117.08338990714277,
        "shoulder_rotation": 119.16221360662306,
        "center_of_gravity_deviation": 296.6879760742188,
        "arm_movement_symmetry": 32.2926025390625,
        "step_count": 12
    },
    "\u0448\u0430\u0433 14": {
        "leg_length_difference": 17.522308349609375,
        "shoulder_height_difference": 0.9349365234375,
        "pelvis_tilt": 0.462890625,